{
    "0": {
        "precision": 0.9372063220845792,
        "recall": 0.8316906747536013,
        "f1-score": 0.881301466157863,
        "support": 2638.0
    },
    "1": {
        "precision": 0.23580034423407917,
        "recall": 0.4823943661971831,
        "f1-score": 0.31676300578034683,
        "support": 284.0
    },
    "accuracy": 0.797741273100616,
    "macro avg": {
        "precision": 0.5865033331593292,
        "recall": 0.6570425204753922,
        "f1-score": 0.5990322359691049,
        "support": 2922.0
    },
    "weighted avg": {
        "precision": 0.8690340778308003,
        "recall": 0.797741273100616,
        "f1-score": 0.8264318827399251,
        "support": 2922.0
    },
    "roc_auc": 0.7029286217685186
}